<?xml version="1.0" encoding="UTF-8"?>
<metadata xml:lang="en"><Esri><CreaDate>20210622</CreaDate><CreaTime>16575800</CreaTime><ArcGISFormat>1.0</ArcGISFormat><SyncOnce>TRUE</SyncOnce><DataProperties><lineage><Process ToolSource="c:\program files (x86)\arcgis\desktop10.8\ArcToolbox\Toolboxes\Data Management Tools.tbx\CalculateField" Date="20210622" Time="163046">CalculateField guy_admbnd_adm2_2021b ADM2_PCODE [ADM2_PCO_1] VB #</Process><Process ToolSource="c:\program files (x86)\arcgis\desktop10.8\ArcToolbox\Toolboxes\Data Management Tools.tbx\CalculateField" Date="20210622" Time="163059">CalculateField guy_admbnd_adm2_2021b ADM1_PCODE [ADM1_PCO_1] VB #</Process></lineage><itemProps><itemLocation><linkage Sync="TRUE">file://\\DESKTOP-23QR083\D$\OCHA\CODS\Countries\GUY\GUY 2021_06_22 FIS\guy_admbnd_2021_SHP\guy_admbnd_adm2_2021</linkage><protocol Sync="TRUE">Local Area Network</protocol></itemLocation></itemProps><copyHistory><copy source="D:\OCHA\CODS\Countries\GUY\GUY 2021_06_22 FIS\guy_admbnd_adm2_2021" dest="\\DESKTOP-23QR083\D$\OCHA\CODS\Countries\GUY\GUY 2021_06_22 FIS\guy_admbnd_2021_SHP\guy_admbnd_adm2_2021" date="20210622" time="16575800"></copy></copyHistory></DataProperties></Esri></metadata>
