<?xml version="1.0" encoding="UTF-8"?>
<metadata xml:lang="en"><Esri><CreaDate>20190607</CreaDate><CreaTime>11124700</CreaTime><ArcGISFormat>1.0</ArcGISFormat><SyncOnce>TRUE</SyncOnce><DataProperties><lineage><Process ToolSource="c:\program files (x86)\arcgis\desktop10.6\ArcToolbox\Toolboxes\Data Management Tools.tbx\CalculateField" Date="20190606" Time="131608">CalculateField guy_admbndl_ALL_2002 admlevel 99 VB #</Process><Process ToolSource="c:\program files (x86)\arcgis\desktop10.6\ArcToolbox\Toolboxes\Data Management Tools.tbx\CalculateField" Date="20190606" Time="131645">CalculateField guy_admbndl_ALL_2002 admlevel 99 VB #</Process><Process ToolSource="c:\program files (x86)\arcgis\desktop10.6\ArcToolbox\Toolboxes\Data Management Tools.tbx\CalculateField" Date="20190606" Time="131726">CalculateField guy_admbndl_ALL_2002 admlevel 1 VB #</Process><Process ToolSource="c:\program files (x86)\arcgis\desktop10.6\ArcToolbox\Toolboxes\Data Management Tools.tbx\CalculateField" Date="20190606" Time="131803">CalculateField guy_admbndl_ALL_2002 admlevel 2 VB #</Process><Process ToolSource="c:\program files (x86)\arcgis\desktop10.6\ArcToolbox\Toolboxes\Data Management Tools.tbx\DefineProjection" Date="20190607" Time="110429">DefineProjection "C:\Users\Owner\Documents\OCHA FIS\CODs\GUY\GUY COD\guy_admbndl_ALL_2002.shp" GEOGCS['GCS_WGS_1984',DATUM['D_WGS_1984',SPHEROID['WGS_1984',6378137.0,298.257223563]],PRIMEM['Greenwich',0.0],UNIT['Degree',0.0174532925199433]]</Process></lineage><itemProps><itemLocation><linkage Sync="TRUE">file://\\DESKTOP-IHA95L0\C$\Users\Owner\Documents\OCHA FIS\CODs\GUY\GUY 2019_06_07 FIS\guy_admbndl_ALL_2002</linkage><protocol Sync="TRUE">Local Area Network</protocol></itemLocation></itemProps><copyHistory><copy source="C:\Users\Owner\Documents\OCHA FIS\CODs\GUY\GUY COD\guy_admbndl_ALL_2002" dest="\\DESKTOP-IHA95L0\C$\Users\Owner\Documents\OCHA FIS\CODs\GUY\GUY 2019_06_07 FIS\guy_admbndl_ALL_2002" date="20190607" time="11124700"></copy></copyHistory></DataProperties></Esri></metadata>
